num_train_epochs,learning_rate,weight_decay,eval_loss
4,1e-05,0.05,0.4852469503879547
2,0.001,0.5,1.1022325038909913
4,0.01,0.01,1.123881030082703
2,0.001,0.01,1.1003119468688964
5,1e-05,0.01,0.4008035182952881
3,0.001,0.05,1.1130882501602173
3,0.01,0.5,1.1270022630691527
4,0.01,0.05,1.1233707666397095
