num_train_epochs,learning_rate,weight_decay,eval_loss
4,0.0001,0.5,0.5140136977797374
3,1e-05,0.05,0.5566022923588753
