num_train_epochs,learning_rate,weight_decay,eval_loss
4,1e-05,0.05,0.4852469503879547
2,0.001,0.5,1.1022325038909913
4,0.01,0.01,1.1238810300827027
