embedding_dim,lstm_units,epochs,lr,dropout,recurrent_dropout,valloss
256,128,5,0.0001,0.5,0.3,0.771099305152893
256,256,10,0.001,0.5,0.3,0.8990472674369812
256,256,10,0.0005,0.5,0.0,0.9017326831817628
128,128,10,0.0005,0.5,0.0,0.919109296798706
64,64,5,0.001,0.2,0.0,0.932719087600708
256,256,10,0.001,0.3,0.3,0.9507960438728332
256,256,15,0.0001,0.5,0.0,1.0817848682403564
64,128,15,0.001,0.5,0.0,1.1062561988830566
