num_train_epochs,learning_rate,weight_decay,eval_loss
1,0.0001,0.1,0.4625354067981243
4,0.0001,0.5,0.5140136977797374
3,1e-05,0.05,0.5566022923588753
3,0.001,0.05,1.1035439145565031
1,0.001,0.05,1.10641313791275
3,0.01,0.5,1.1246398478746413
